,m1,m2,f_kepler,m_avg
0,1.2765686672446457,1.843017266171514,2463.49994136334,1.5597929667080799
1,1.593155228574275,1.2905337456447312,2368.5267175410354,1.441844487109503
2,2.086253232366149,1.8156075808829228,2755.1164904347856,1.9509304066245359
3,1.8942036613786324,2.210659455155076,2825.87807106181,2.0524315582668544
4,2.635108863890344,2.4012483284824935,3130.129759016659,2.5181785961864187
5,2.164058104791546,2.5258094457083224,3020.5384498028143,2.344933775249934
6,2.7275665884621283,2.4153353465745537,3163.065616072165,2.571450967518341
7,1.0177299772144073,2.793284006061306,2722.8539731340056,1.9055069916378566
8,2.3593054617691953,1.3337039570117895,2680.3671533855127,1.8465047093904925
9,2.2152711440109094,1.8343884705547764,2806.8121001999366,2.024829807282843
10,2.7962580479021666,1.312952238586631,2827.3740188181,2.054605143244399
11,2.141954150303677,2.2337650116990093,2917.620487745447,2.1878595810013435
12,1.640752582279206,2.3151715642360795,2774.137974613929,1.9779620732576428
13,1.3297414899295308,2.5442173052682993,2745.247964025373,1.9369793975989151
14,1.2421987226545126,1.9330989239347338,2485.400036240031,1.5876488232946233
15,2.797623471363732,2.620406571543848,3246.570095559427,2.70901502145379
16,1.4579470062119066,1.2343131715564495,2288.5615299250026,1.346130088884178
17,2.972601551190655,1.8927892679029699,3076.5426865075297,2.4326954095468123
18,1.2681230131223744,1.5186659839649204,2328.3921325177166,1.3933944985436475
19,1.1065338879712383,1.1554102929307486,2097.7079363484822,1.1309720904509935
20,2.4703838799581224,2.7344208475281198,3182.0448732508075,2.602402363743121
21,2.7716361930614264,1.3501905210717764,2831.7111078121266,2.0609133570666014
22,1.515920901894455,1.6459124633410454,2480.1249913208617,1.58091668261775
23,1.1779932231901595,1.760537568856687,2390.942889171049,1.4692653960234234
24,1.0520817364979864,2.810213469993739,2741.112197234137,1.9311476032458628
25,1.6145037445697286,1.5596683973840693,2484.9595142008593,1.5870860709768988
26,1.4557375762365925,1.705658787046812,2479.953594414521,1.5806981816417023
27,2.8437678334824574,1.3163400382732495,2844.8303698337613,2.0800539358778534
28,1.6722137898051566,1.0840744958955773,2315.6152404131976,1.378144142850367
29,2.322890154241263,1.833954326634705,2843.714339294558,2.078422240437984
30,2.002275664951858,1.5755637565438785,2638.241223311546,1.7889197107478683
31,1.1122061501929612,2.701556179189515,2723.8356011817486,1.906881164691238
32,1.542731614784798,1.425342785634509,2402.931945652263,1.4840372002096536
33,1.8188784652873253,1.3222139959046717,2471.9770807493364,1.5705462305959985
34,1.3016786929671824,2.3127035273900307,2651.6800316266135,1.8071911101786067
35,1.7283856371152826,2.3388540216275473,2812.8978517752703,2.033619829371415
36,2.1354595437134067,2.3167321716976415,2943.0050557519135,2.2260958577055243
37,2.100712415138073,1.781002237711644,2747.9946512543097,1.9408573264248585
38,1.6276202932877895,1.5550832274889856,2488.2967473407894,1.5913517603883875
39,2.191530497279012,2.0702454226483162,2879.382661508415,2.130887959963664
40,1.047058684331177,2.347941841728119,2569.9460269449883,1.697500263029648
41,1.4035070360571757,2.748333896253463,2842.002349927544,2.0759204661553197
42,1.3358719836639874,2.9218796915708145,2878.0228906895677,2.128875837617401
43,2.7444074373666156,1.1133525065496053,2739.502362345454,1.9288799719581105
44,1.7233520705771697,2.976387363545085,3023.7158027608193,2.3498697170611273
45,2.049755616323055,1.6244528904901896,2673.5356452027354,1.8371042534066224
46,2.8292892906587737,2.5551467201101,3236.4894049692557,2.692218005384437
47,2.236366675276285,2.0271249662825586,2879.9621994871445,2.1317458207794218
48,2.2986626075625383,2.4697249933279597,3045.7191545077276,2.384193800445249
49,2.2808176152240884,2.267587825724508,2974.634870967896,2.2742027204742983
50,1.6565705636964516,1.658449549355645,2539.4938384449288,1.6575100565260483
51,2.991420911445087,1.5667047481298058,2977.811662300734,2.2790628297874465
52,1.5030696724641797,2.7778898663025053,2885.855897100869,2.1404797693833424
53,2.677784141147257,1.9510054101040861,3000.805157428079,2.3143947756256713
54,1.8636290852457305,2.3312062669644016,2856.679638420171,2.0974176761050662
55,2.211636303839373,1.4640933598374395,2674.089022378522,1.8378648318384063
56,1.3463281727787344,2.097669215563754,2588.4244072726165,1.7219986941712442
57,1.1475710786387163,1.1597442793824775,2118.641904918126,1.153657679010597
58,1.822180799662816,1.0841800285701457,2377.819286677343,1.4531804141164808
59,1.181997090855978,2.7072695321384748,2750.6664975219855,1.9446333114972263
60,1.5372044178637843,2.4154998048249334,2773.008740201661,1.976352111344359
61,2.94757432302812,1.479555588655658,2934.710140656948,2.213564955841889
62,2.4011504820163387,1.1986214085116043,2646.315193569703,1.7998859452639715
63,2.2768145877590573,2.6331749759723238,3090.6111287919316,2.4549947818656905
64,1.8889140575823593,2.193278167425225,2818.063696324049,2.041096112503792
65,2.181216728608261,2.5976477576907993,3049.0632767621287,2.38943224314953
66,1.8614967465044776,1.6297825358604383,2606.1317981721936,1.745639641182458
67,2.6076149851131385,2.667705330226542,3203.5277995261695,2.63766015766984
68,2.192464598295958,2.111710633088773,2893.6703317773467,2.1520876156923654
69,1.86780905961038,1.8077641531516686,2674.0321128443866,1.8377866063810244
70,1.1224950775074656,2.236559527857299,2556.3046587677627,1.6795273026823823
71,2.178893600954218,1.7106236685653027,2750.755130413283,1.9447586347597603
72,1.4453454832271335,2.9009975973190407,2907.8103756350906,2.173171540273087
73,1.1477750508966287,2.191236284967072,2548.6665924559725,1.6695056679318503
74,2.06590734603068,2.238231228334967,2893.6580096077428,2.1520692871828233
75,1.6409053400153089,2.06270277777034,2684.2106382084503,1.8518040588928244
76,2.1235930481025562,1.9351024976784605,2809.9417495673783,2.0293477728905085
77,2.2328360266843603,1.4616243874168162,2680.8936641265072,1.8472302070505884
78,2.9652544775392546,2.474879601915191,3253.18590055702,2.7200670397272226
79,2.6773492953656657,2.277362216636231,3104.6544214862383,2.4773557560009483
80,1.8346146499042668,1.9498595202373963,2713.3564631257627,1.8922370850708314
81,2.4611544878755014,1.271409183889919,2694.68305880234,1.8662818358827102
82,1.5189754701663307,2.1434951331955086,2669.2616897477205,1.8312353016809197
83,2.352098210792195,2.885196753635222,3191.961148389346,2.6186474822137082
84,2.4358760976105387,2.8769845019944293,3214.906080249732,2.656430299802484
85,1.2885088755428038,2.5549552717444985,2734.421730222821,1.9217320736436512
86,2.324849964220941,1.7567983976007422,2817.8759672722754,2.0408241809108416
87,1.275117007055778,1.2822279233840699,2230.4820574927967,1.278672465219924
88,1.0226161222991963,2.6262015557028704,2664.281819435337,1.8244088390010333
89,2.2080356622292743,1.6395403431217799,2735.884024138088,1.923788002675527
90,1.6493323263174111,1.3338651422994792,2409.0459317620525,1.4915987343084451
91,1.846448014137384,2.63313051106002,2952.042846172702,2.239789262598702
92,1.9907186005200015,2.2471932083579764,2871.3096924901347,2.118955904438989
93,2.302511070939852,2.885180549412148,3176.809373323834,2.593845810176
94,1.233636262750568,2.980263029204802,2863.1635441753283,2.106949645977685
95,2.563947061605343,1.5593360504581433,2832.21133917152,2.061641556031743
96,2.157369324099146,2.2385665227666975,2924.3527114747244,2.1979679234329215
97,2.42933637811659,2.1844212187865653,2995.928650605581,2.306878798451578
98,1.1546588458946074,1.772095030179158,2386.1469205886438,1.4633769380368826
99,1.2834943756464283,2.3638347367745887,2663.73830601077,1.8236645562105085
100,2.0582920773845927,2.1409643120294533,2858.184603457396,2.099628194707023
101,2.1712996112369813,1.1258844867986935,2532.652923714293,1.6485920490178374
102,1.18150139915093,1.1873400382691572,2146.703554005471,1.1844207187100437
103,1.977445571164484,1.807452461559331,2713.508407362164,1.8924490163619074
104,1.185755594217409,2.89597963350013,2817.905952219077,2.0408676138587696
105,1.680422876120489,1.033459030853056,2297.7329512756496,1.3569409534867725
106,2.5321606932531484,1.3991452352156462,2765.492596948484,1.9656529642343972
107,2.5658721641612496,2.268696385840386,3066.782249115517,2.417284275000818
108,2.434296824191545,2.742560615429447,3173.490352239615,2.588428719810496
109,2.1777318430374875,2.263418827875891,2939.353593466868,2.2205753354566893
110,2.857110061650392,1.8542751106648194,3027.4597991876103,2.3556925861576055
111,2.253009240200008,1.739257514324459,2786.8516805407176,1.9961333772622334
112,1.5190768748416932,1.3672905598350105,2369.626443060815,1.4431837173383517
113,1.4516901662718409,2.2436374077691505,2681.2082739649345,1.8476637870204957
114,2.446924042661096,1.0158538289005323,2595.4722886065015,1.731388935780814
115,2.7626302270281187,1.5968040898390727,2912.1862625301487,2.1797171584335957
116,1.6738061200288314,2.730099106660994,2927.002286599787,2.2019526133449125
117,1.2823932911786176,2.053713044093242,2547.5576580600364,1.6680531676359298
118,1.343707083500112,2.962070940567557,2894.2090554229158,2.1528890120338344
119,2.22094095534936,1.7602755997130892,2782.992143097263,1.9906082775312246
120,1.443631940112872,2.734879462409282,2851.1159218553576,2.089255701261077
121,1.245436141890928,2.1936039387574513,2586.5608406692886,1.7195200403241897
122,1.1148020828085323,1.5973226318112541,2296.9889593324287,1.3560623573098933
123,1.3053879597818263,2.1384034654297333,2588.347007683443,1.7218957126057797
124,1.3974215357969488,1.2410984028449603,2265.6053928638767,1.3192599693209546
125,2.9092059162532413,2.1533003576593917,3138.2451534863208,2.5312531369563165
126,2.670536432815556,1.2974234526553015,2778.354870817594,1.9839799427354288
127,2.1052529132743967,2.670119456567967,3047.94903404139,2.387686184921182
128,1.7630558771308575,1.570954634498529,2546.7573133083783,1.6670052558146933
129,2.7458827579475433,2.8654903849057143,3303.989467356297,2.805686571426629
130,1.4086529998788409,1.4841946551908067,2372.2849910087843,1.4464238275348238
131,1.3600344203037669,1.5394423182192434,2375.0015316151025,1.4497383692615051
132,2.231594920394085,2.768764107352875,3118.923147520817,2.50017951387348
133,1.0341047976061772,2.291215578180509,2543.436071913193,1.6626601878933431
134,2.774074123830422,1.6820243590005357,2944.2960058990757,2.228049241415479
135,1.6138653148580027,2.0463236736873514,2668.4301232335974,1.830094494272677
136,1.4516139781473358,1.3634389116400822,2340.169738367916,1.407526444893709
137,1.0832561791700572,2.013875847382414,2454.61813860318,1.5485660132762358
138,1.8582134219580388,2.970039335715583,3064.7784002078974,2.4141263788368112
139,1.8638036162359213,2.862934345276349,3032.3885140361513,2.3633689807561353
140,1.2519230100049532,2.2448793545150543,2608.192388389822,1.7484011822600038
141,2.468674211686784,2.215291312290922,3018.6372329632877,2.341982761988853
142,1.5438981935444192,1.369484040555297,2380.6898116730936,1.456691117049858
143,1.0829267390353807,2.556784989216486,2660.955266331796,1.8198558641259335
144,2.175044413364458,1.156334061700968,2545.7518452961576,1.665689237532713
145,1.7845006108444559,2.7393059468255023,2966.5801912222437,2.2619032788349793
146,1.7892198121432439,1.7362983010877966,2618.87973294268,1.7627590566155202
147,1.1889757715097613,1.5788577541835793,2320.45987093188,1.3839167628466704
148,2.1464624945491333,1.08442858502314,2507.0629464183,1.6154455397861367
149,1.84024984568537,1.8644706137349543,2684.6136958487427,1.852360229710162
150,1.4422523659524322,2.3322616846069213,2709.78355462553,1.8872570252796768
151,2.8096687220723537,1.1808923664203526,2786.256286198911,1.995280544246353
152,2.151818270458456,2.987433799535242,3161.943019161526,2.569626034996849
153,2.752438445266417,2.502594074871716,3197.361811545066,2.6275162600690667
154,1.93440396222537,1.7064720717805661,2661.3808381945055,1.8204380170029681
155,2.1624214288093064,2.8192139935815503,3113.078341671559,2.4908177111954286
156,2.2740774246154345,2.050032395853189,2900.363541252677,2.162054910234312
157,1.8519938377231078,1.526920668949552,2563.8504038865844,1.68945725333633
158,1.7062113592910437,2.1745593474521776,2747.660505547956,1.9403853533716107
159,1.6555567826967381,2.0838562940741925,2697.154351684359,1.8697065383854654
160,1.8001352489307894,1.6759880492489074,2600.468909425701,1.7380616490898484
161,2.3006023796787685,1.3518135712120474,2665.5951833172976,1.826207975445408
162,2.6256804638052196,2.2409162689750186,3076.9239318391797,2.433298366390119
163,1.0666178256496202,2.657572813871897,2691.658952892847,1.8620953197607586
164,1.9438177757844206,2.993691734064338,3099.260292366601,2.468754754924379
165,1.6939402393175216,2.451730196802223,2839.8896623812693,2.0728352180598724
166,1.3394828201845626,1.3570484636653586,2290.3761419533407,1.3482656419249606
167,2.954889445971033,1.838767209343958,3053.77856129906,2.3968283276574955
168,2.8274869139523027,2.5509504951322155,3234.686075800597,2.689218704542259
169,1.3141268678948916,1.7910470124764513,2457.80284027746,1.5525869401856713
170,2.427602469766784,2.701728122384309,3158.889432516928,2.5646652960755465
171,1.3495223177528433,1.6576681050215667,2418.7141446428077,1.5035952113872049
172,2.3846976651652487,1.1431156848006294,2619.732085810754,1.763906674982939
173,2.0464003959682358,1.7927504072945928,2732.8869412741146,1.9195754016314144
174,1.3430718354583067,1.6166032287628669,2399.5295153642405,1.4798375321105868
175,2.745124799747595,1.5597602342958867,2893.908919905488,2.1524425170217407
176,1.9052618503028917,1.3600057276071233,2520.3651603116186,1.6326337889550075
177,1.8857430756116247,2.7938080447869096,3017.2144402390354,2.339775560199267
178,1.0929012897789632,1.3562620519612325,2182.795022611953,1.2245816708700978
179,1.2770394275853025,1.9158706142253745,2492.2833776373873,1.5964550209053385
180,1.9530482097221946,2.4078593473656067,2912.678297414479,2.1804537785439004
181,1.1275152984166281,1.9875029521325078,2461.6957582613422,1.557509125274568
182,2.2251215594963534,2.856802239883872,3144.257850746851,2.540961899690113
183,1.7023131978042183,1.7430306871050492,2588.930354808252,1.7226719424546337
184,2.7787612534313473,1.4647467306037671,2873.2048535525614,2.121753992017557
185,2.8340061407696444,1.2339526517619643,2813.146516797688,2.0339793962658046
186,2.6164502698510086,2.221396358039352,3067.821788364967,2.4189233139451805
187,1.7885948341591362,1.4284250531670541,2501.67536795992,1.6085099436630952
188,1.0236863599051145,1.5299249707033182,2228.853264858056,1.2768056653042164
189,1.2328033813402814,1.7488613582028318,2408.426983606695,1.4908323697715566
190,1.974303727776177,1.7032191918895043,2674.741238655125,1.8387614598328406
191,1.544217803387906,2.161876153178589,2685.111299864083,1.8530469782832473
192,1.3115774481003988,1.9626705409782363,2523.8286397720926,1.6371239945393175
193,2.9192605283477118,1.7229773481447122,3005.1612135535765,2.321118938246212
194,2.4890158804168765,2.346246844438367,3067.002414232942,2.4176313624276218
195,2.109919772972412,2.470029178926252,2984.9317003025503,2.289974475949332
196,1.3415633954166948,2.9145825081513985,2877.48012965243,2.1280729517840467
197,2.6089575478805354,1.7428427123251424,2909.635296659815,2.175900130102839
198,1.6040215382359557,2.300697315134928,2756.1253413962086,1.9523594266854418
199,2.0803664398616775,1.8222884838672395,2755.396838155411,1.9513274618644585
200,2.673433880557515,2.6550872227022144,3219.64081783309,2.664260551629865
201,1.7333332756183486,1.3066811317491316,2431.878652913763,1.5200072036837402
202,1.087133112777962,2.87113855763449,2774.9609668016756,1.9791358352062258
203,2.0071126169879188,1.4199798997935742,2582.063948085601,1.7135462583907466
204,1.2896060087422103,1.2829373470720769,2237.1001708234503,1.2862716779071435
205,1.105758237525583,2.311540718810596,2578.371942237929,1.7086494781680894
206,1.6813195361682545,2.463349676090985,2839.546709771851,2.07233460612962
207,2.454674037440569,1.4939815796348481,2771.588232317254,1.9743278085377085
208,2.9008635887825918,2.025695689711209,3095.8216706824924,2.4632796392469003
209,2.68065911883425,1.1010307444527636,2712.3581464871327,1.8908449316435068
210,1.562269766455523,1.8156599745056317,2563.476766739489,1.6889648704805773
211,1.7615377793384905,1.3512769941528548,2460.8249367640756,1.5564073867456727
212,1.7407904339626261,1.1747350256635654,2381.5653262340043,1.4577627298130957
213,2.990325964923475,2.336188172257768,3219.034428335896,2.6632570685906214
214,1.8200772250362216,2.319112002517527,2837.6688977396525,2.069594613776874
215,1.7981127862574435,2.014757442131396,2723.517007840913,1.9064351141944198
216,2.118018814656108,1.0261493960843577,2473.1870613755787,1.5720841053702328
217,1.2198904744650612,1.947159150702954,2482.1699512859595,1.5835248125840076
218,1.025597545850959,1.4670364943430283,2202.0812566761915,1.2463170200969937
219,1.429087974119873,1.9015694185733378,2545.4763142901384,1.6653286963466054
220,1.24129067936477,1.509793527141168,2313.4281798896072,1.375542103252969
221,2.709928465035576,2.61275626385639,3217.8770847923784,2.661342364445983
222,1.5214448945389527,1.4685741018597416,2411.798681170507,1.4950094981993471
223,2.5666030857590014,1.6437217438705678,2861.9489397494203,2.1051624148147847
224,2.1222162346744833,2.0244181944050794,2840.2198230339736,2.0733172145397814
225,2.298347421997444,2.059379388818888,2911.6158831742705,2.178863405408166
226,2.712014676609241,1.7242298832336282,2937.729602173219,2.2181222799214346
227,2.84486247489881,1.48150769488882,2901.121498209792,2.163185084893815
228,1.899035703098675,2.5386114687628627,2938.1939779699346,2.218823585930769
229,2.0589351037457444,2.300289026610756,2912.116057361004,2.17961206517825
230,2.218749420643156,1.353862362736935,2636.3131306445093,1.7863058916900456
231,1.9093980240143462,2.1154961202071707,2798.2164861366514,2.0124470721107586
232,1.0290672542673962,2.6920278080070066,2690.5400560379207,1.8605475311372013
233,1.466753727292776,1.770517456101023,2509.5370987047563,1.6186355916968995
234,1.9112561038465319,2.313809913344665,2866.9546892711437,2.1125330085955984
235,1.9088680660635668,1.8660424541369456,2709.9258668130915,1.887455260100256
236,1.8919760284361984,2.2589206443553884,2841.6791510843905,2.0754483363957936
237,1.0986878629278418,1.432439835907913,2219.019444437837,1.2655638494178774
238,2.860534858434373,1.5524071133315902,2930.003829208325,2.2064709858829814
239,1.6673629825909972,1.615367319284571,2527.0956581937157,1.641365150937784
240,1.2317743433365347,2.6402688449057603,2744.5691408070275,1.9360215941211476
241,2.5833591256907633,1.16840230946702,2701.603977565672,1.8758807175788916
242,2.943869643461354,1.5569456842630434,2959.0321001473094,2.2504076638621986
243,1.4824932253408103,1.2333977091398687,2298.583274697562,1.3579454672403395
244,2.4003064717693845,1.7160274012836,2829.823677118655,2.0581669365264923
245,2.1143551422849436,1.166278262562805,2526.2884176694206,1.6403167024238743
246,2.9521388314506605,2.4848659476675756,3252.250109271339,2.7185023895591183
247,2.814804101138507,2.430406368463812,3194.3723593089603,2.6226052348011595
248,1.9038246615475138,2.2035103276344,2826.728788763969,2.053667494590957
249,1.919315587688489,2.3767847166246705,2890.9546957878597,2.14805015215658
250,2.420360098688139,1.2845202175750552,2684.671615095971,1.8524401581315972
251,1.1004637293237327,2.1706172103782544,2522.6077451221495,1.6355404698509934
252,1.4527992269303218,1.4611965109390586,2380.940462836044,1.4569978689346903
253,1.7617738231453421,1.4254768278646401,2490.0736283607134,1.5936253255049913
254,1.1925684254371294,2.324555310697762,2615.7600544977718,1.7585618680674457
255,1.2403667323322816,2.6667466310799526,2756.970288060922,1.9535566817061172
256,1.875239181563984,2.3205108410398667,2856.9910663608443,2.0978750113019253
257,1.0108229474610422,1.847850535776109,2358.2310658326,1.4293367416185756
258,2.8054733413006288,2.034560479934634,3068.5151920315825,2.4200169106176315
259,2.9095427885912595,1.1638041016374812,2815.008936410638,2.03667344511437
260,1.1143452888555099,1.7281597766886383,2351.552630618658,1.421252532772074
261,2.0799004717229828,1.126743529310361,2497.637770460837,1.603322000516672
262,2.5369556802307076,2.3872677614529554,3095.0876704237708,2.4621117208418317
263,2.8845980238444193,1.936808028473624,3062.6046243119945,2.4107030261590214
264,2.9021157124328054,1.4336311629288072,2904.263651736332,2.1678734376808064
265,1.3841151775781002,2.338166626589255,2690.9690590609684,1.8611409020836776
266,2.6394530831861998,1.0553109109433336,2681.003808635429,1.8473819970647667
267,2.4909776749514814,2.9008497479322646,3238.7100667851764,2.695913711441873
268,2.624358665951233,2.4957803404657217,3156.057852283102,2.560069503208477
269,1.531914036323107,2.875636043201743,2928.2132897351566,2.203775039762425
270,2.2914429395197855,2.5450910375974845,3067.4055647691603,2.418266988558635
271,2.124671932882525,2.1917794193161457,2897.7939735368213,2.1582256760993355
272,1.6094827451712006,2.7655071736462586,2917.377357024142,2.1874949594087294
273,2.661106439654554,1.6506830935944323,2896.228724771764,2.155894766624493
274,2.9321249631458124,1.846876859264056,3049.107088789523,2.389500911204934
275,1.081367725589617,1.1742865656660872,2094.7893106706465,1.1278271456278521
276,1.033667548255865,1.572738961598266,2251.7758414283335,1.3032032549270656
277,2.9430763814663483,2.124135050354609,3139.70317732707,2.5336057159104786
278,2.4592529244572887,2.2339232520935552,3021.6037325741236,2.346588088275422
279,2.8942591666935806,1.038945764924558,2766.160446919791,1.9666024658090693
280,2.8778976064851003,1.0526010186697137,2765.208632025921,1.965249312577407
281,1.2537757434858385,2.4016051381211296,2666.676892228797,1.827690440803484
282,2.3674860879928157,1.4840552083587504,2737.2934547253813,1.925770648175783
283,1.8650151684588026,1.686103815907757,2628.371150359808,1.7755594921832798
284,2.5711049995073574,1.3617587388327086,2766.0404664158914,1.9664318691700329
285,2.4491873388337524,2.742472680619954,3178.024213985185,2.5958300097268534
286,2.1029706764870966,2.821489590224684,3095.1620969217083,2.4622301333558902
287,1.0493432844566495,1.4754739871589908,2216.251567612956,1.2624086358078201
288,1.2847514867644712,2.8939914472908344,2851.194911001596,2.089371467027653
289,2.409742074553127,1.6306849982597302,2803.610745131849,2.0202135364064286
290,2.6380050518029097,2.1417693048575384,3049.353525656539,2.3898871783302242
291,2.5192027412490994,2.35835539155683,3080.3871758258006,2.4387790664029647
292,2.233771749865946,1.5667172934081826,2719.0914983141324,1.9002445216370645
293,1.9391258115138992,2.7314023620004315,3014.30419299844,2.3352640867571655
294,2.115534761727547,2.575774484498319,3021.002680691243,2.345654623112933
295,2.65234290672472,1.5174465453253696,2848.1387513258346,2.0848947260250448
296,2.2581905977267525,1.5837658566065091,2733.8853556656823,1.9209782271666307
297,1.6913024178008553,1.4660133019100998,2478.352549617675,1.5786578598554777
298,1.0233165486831997,1.401173405379805,2171.7722222893644,1.2122449770315025
299,1.853740038925182,2.3029709992851757,2843.668694591115,2.0783555191051786
300,2.7625591124760023,1.7824872503349563,2973.5362577729143,2.272523181405479
301,2.2844726324469997,1.1862449956591392,2598.446146555097,1.7353588140530696
302,1.8028843631238518,2.2574738179326275,2810.5172337175186,2.0301790905282395
303,2.6176949020507134,1.661874351641472,2885.3872535473524,2.139784626846093
304,2.6806140985426676,1.1335030252481026,2723.962297483445,1.907058561895385
305,1.4332001342290275,2.2289393460340063,2669.141023362087,1.8310697401315168
306,2.333980618131592,2.727489844466371,3137.9240875999153,2.5307352312989817
307,2.0467358107752434,1.2365470839008748,2527.3083464099395,1.641641447338059
308,2.942837157292643,1.3681422644979087,2895.9566360862714,2.1554897108952757
309,1.717648080235485,1.2910990459163605,2419.3400999031073,1.5043735630759227
310,2.8577396754007056,2.679198625302862,3282.00260654178,2.768469150351784
311,2.4614515398232766,1.6276382247522687,2820.44348405861,2.0445448822877728
312,1.3257520445506918,1.661998877946328,2410.8837747123857,1.49387546124851
313,2.1122218532478643,2.622134486701981,3034.83127501267,2.3671781699749226
314,2.6643160644047272,1.2625352114390405,2763.925331403404,1.9634256379218837
315,1.7157895043419271,2.0251633328675327,2697.7095917792226,1.87047641860473
316,2.564229048368892,1.3690344696555856,2766.181048286778,1.9666317590122389
317,1.5004152754375275,2.261384531738743,2705.2158262681455,1.8808999035881353
318,2.97617348080615,2.739704325809395,3334.6138338761393,2.8579389033077724
319,1.6765649350352445,1.9171401739921257,2644.084304146368,1.796852554513685
320,2.267745832347956,1.1100666652171212,2563.432278938836,1.6889062487825386
321,2.5697448346630516,2.718034128361466,3207.3084313103354,2.643889481512259
322,1.488728530028059,1.1744708570063758,2276.1764237204675,1.3315996935172174
323,2.351818954827128,1.2473732239532977,2646.102102043307,1.799596089390213
324,2.582751994513238,2.6671220612263506,3195.7921231943587,2.6249370278697945
325,2.8407429068670274,1.9909182150331268,3065.859954834883,2.415830560950077
326,1.2164461572377046,2.790303381866257,2791.902048719301,2.003374769551981
327,2.085379713617222,1.4843770938840255,2635.2595436419397,1.7848784037506236
328,1.2873678207187584,1.6413225001214946,2386.9361700215404,1.4643451604201265
329,1.8071368267207553,2.549448720658968,2911.234590531901,2.1782927736898614
330,2.2633234582349973,2.707422890451369,3109.6741298886423,2.485373174343183
331,2.068061289975615,2.853801047673577,3094.3455533889683,2.4609311688245956
332,2.06838536446753,2.40394698742412,2949.654265250725,2.236166175945825
333,1.2296273179599362,1.3448778698562636,2237.953019091995,1.2872525939080999
334,2.107218444143228,2.083752513142309,2855.363510256103,2.0954854786427686
335,1.208899565522933,2.4106513552034823,2653.5753545746115,1.8097754603632077
336,2.983452357599611,2.297583159687207,3205.2626564672214,2.640517758643409
337,1.5216663647248219,2.1711042796973166,2680.2805013869324,1.846385322211069
338,2.5129007857646393,2.288409176760205,3056.2153424623534,2.400654981262422
339,1.239980425656216,2.167818337003613,2574.785472182062,1.7038993813299146
340,2.047165335461239,2.7163536222991054,3044.1638796553634,2.381759478880172
341,1.716723465113044,1.9350879502528686,2665.3745740423924,1.8259057076829563
342,1.8379460021283243,1.9034797049548524,2697.8800864820255,1.8707128535415882
343,2.497776949876154,2.279439168493054,3048.537376560124,2.3886080591846044
344,1.9889138461619529,1.1317482534873895,2463.9248225666847,1.5603310498246712
345,1.8408195906996687,1.2070134276484055,2435.003918261461,1.523916509174037
346,1.3980032043252584,2.102074418010555,2609.413575953619,1.7500388111679066
347,1.4513443100041805,2.2114740157479105,2669.3883993006607,1.8314091628760454
348,2.7757679946353875,1.173768435995791,2771.8973395929193,1.9747682153155892
349,1.348115525630983,2.3706149971498593,2689.6850793323083,1.8593652613904212
350,2.2591845208536174,2.9902415702768,3195.6557739891473,2.624713045565209
351,1.6715629650714798,1.454351315556445,2465.9973857315545,1.5629571403139624
352,2.085853567273817,2.795831536523999,3081.6900798832385,2.440842551898908
353,1.7084203367885646,1.0924364587148787,2334.261632807522,1.4004283977517216
354,1.0061796163386363,2.2240350357793357,2506.800490189384,1.615107326058986
355,2.770663932920436,2.6122842370717354,3236.0422166661606,2.6914740849960856
356,1.5094888558245432,2.9072103605607333,2931.250888306053,2.208349608192638
357,1.9715792731780866,1.0639749651269714,2430.0940279412002,1.5177771191525289
358,1.8954263659007664,1.326431458700139,2503.555742045021,1.6109289123004527
359,1.1210699499948409,1.4405589318727403,2232.349478344922,1.2808144409337907
360,1.5154822280300235,2.9075761612968423,2933.360339917962,2.211529194663433
361,2.4131630325142597,2.934283387986413,3225.35335184139,2.673723210250336
362,2.8036877907410758,1.583107293346642,2921.3107284244215,2.1933975420438587
363,2.4611834110951376,1.1931625804058015,2666.29937850621,1.8271729957504697
364,1.2266090979668685,1.730158602371968,2398.3506664384963,1.4783838501694182
365,2.8680236741675156,2.3164487198482018,3175.823534514024,2.5922361970078587
366,1.3029178526997398,2.513033416187426,2724.6171727052406,1.907975634443583
367,1.1720231940847516,2.554112545213615,2692.361771612173,1.8630678696491834
368,2.0213632177341214,2.2278756095306744,2875.144325696133,2.1246194136323977
369,2.7063473090773833,1.3983491688951402,2825.820711653996,2.0523482389862617
370,2.8323507219727198,2.985905305007649,3364.3447602670135,2.9091280134901845
371,2.9923177994556336,2.4165880517838607,3243.8352630274585,2.704452925619747
372,2.6626274509352554,1.4620214712812736,2832.6803759337818,2.0623244611082647
373,1.996598765309931,2.6377062223053827,3002.5924305774597,2.317152493807657
374,2.7300607729755466,2.2315988135824787,3106.8305131884536,2.4808297932790127
375,1.2326684865020086,1.6866189368168751,2383.1013227744015,1.4596437116594418
376,2.1085881878655957,2.341041686934997,2942.158214999964,2.2248149374002963
377,2.7253902901981086,1.595247099718838,2899.1987542656466,2.160318694958473
378,1.8917721987896785,1.5953871431308988,2604.593640318779,1.7435796709602887
379,2.461349942332344,1.069522269977234,2620.867585728184,1.765436106154789
380,2.9303500453659526,2.2527163270732453,3175.3928658886957,2.591533186219599
381,2.8045649957473193,2.9904717168629085,3357.6248882231066,2.897518356305114
382,1.3222476303962813,2.3855001346041185,2685.710335462736,1.8538738825002
383,1.3342214637512722,1.7317177493190379,2442.2259953040757,1.532969606535155
384,2.3158159533597993,1.4018052263546092,2689.283866333222,1.8588105898572043
385,1.3855744879118777,2.805237197388526,2855.3092526938235,2.0954058426502016
386,1.383325037830096,1.8303861381081767,2500.388547941003,1.6068555879691364
387,2.3754300699569573,1.0382573874038732,2577.009133585829,1.7068437286804152
388,2.454780796575421,2.6396135620047247,3148.113342276908,2.547197179290073
389,1.5551893546438547,1.101049814007153,2273.200107011133,1.3281195843255038
390,2.926880942383714,2.2450007486374086,3171.964881773003,2.585940845510561
391,1.767677028725306,1.8201097916632039,2641.9062036077726,1.793893410194255
392,2.9097847186898593,2.1359208927019724,3133.033464732666,2.5228528056959156
393,1.4356159318186488,2.9313902818710442,2914.714251899946,2.1835031068448467
394,1.7152846600035316,1.6703582829242796,2566.401833447695,1.6928214714639056
395,2.615358197578585,1.90627429005923,2965.86725974694,2.2608162438189074
396,2.9765972241327256,2.9808746293195343,3404.3568651895184,2.97873592672613
397,1.3607287730897293,1.3332406024224155,2289.2878682645005,1.3469846877560725
398,2.43559576984583,2.5986760214355855,3129.4816465393674,2.517135895640708
399,1.3513308450687649,2.703205496336384,2808.5016171949237,2.0272681707025746
400,1.0687077625099481,1.1355157273447603,2070.7701341261745,1.1021117449273543
401,2.800136913043026,2.532900991008608,3221.005117179228,2.6665189520258172
402,2.4906008573189067,1.9380112118374584,2935.2013549033845,2.2143060345781826
403,2.553335080757136,2.3123331553006667,3076.6303950799993,2.4328341180289015
404,1.385163229446295,1.551062010360471,2390.0047459618204,1.468112619903383
405,2.9613159866695957,1.402968504751785,2913.8058172947553,2.1821422457106903
406,2.647820410431597,1.4735894302333792,2831.5679073379924,2.060704920332488
407,2.879328906026782,1.8921604289828486,3046.7095810459227,2.3857446675048153
408,2.0954323864707405,2.1389436106184174,2870.1116343881777,2.117187998544579
409,2.806625618221557,2.004016847290843,3059.1841460365613,2.4053212327562
410,2.073554434771917,2.09676629973028,2848.3201894969015,2.085160367251098
411,1.9270633182842154,2.496456824665497,2933.513452797734,2.211760071474856
412,2.501518648343969,2.6638083534044386,3169.9542174581948,2.5826635008742036
413,2.931113746928596,2.24941461657476,3174.615318224674,2.590264181751678
414,1.6059871634543326,1.4554077899050153,2440.4154204996635,1.530697476679674
415,1.8945719578833142,1.5003968724810672,2569.934030420288,1.6974844151821906
416,1.8088324075799105,2.1787530348510398,2785.217277083256,1.9937927212154751
417,2.7965279899714632,1.6234757781745697,2932.34725673022,2.2100018840730167
418,1.4645886622827502,2.88917469388623,2910.291490527976,2.17688167808449
419,2.598299870638772,1.6665209924538011,2880.4111049582393,2.132410431546287
420,2.911511355047022,2.9257591595429298,3369.837738830803,2.9186352572949756
421,2.2359008736032395,2.6302888797138095,3076.7952720076473,2.4330948766585245
422,2.1571137533500426,1.206508151111414,2558.041969301433,1.6818109522307283
423,2.4501386048628406,2.2171763958567903,3013.267142555128,2.3336575003598155
424,2.177594026065062,1.4767094531286278,2666.283869456393,1.8271517395968448
425,1.3263340547377824,1.0565215135964554,2153.04416857366,1.1914277841671188
426,2.5135832656198915,2.8419645430806657,3227.795634412885,2.6777739043502784
427,2.4503486049308743,1.418080827872311,2743.2880966129355,1.9342147164015926
428,2.8488167030024147,1.1600261964045002,2792.6312799439274,2.0044214497034574
429,2.9991461666409545,2.940483345509662,3399.255100007627,2.9698147560753085
430,1.2612839200252655,2.2466067924715167,2612.324399770857,1.753945356248391
431,2.965795598624346,2.2603979951728417,3188.5763914037457,2.613096796898594
432,1.2508007954379212,2.5575870381647867,2721.915659290079,1.904193916801354
433,1.855285917093615,1.4782753026872966,2546.5857067929032,1.6667806098904556
434,1.0692412337719206,1.5981739975296165,2277.9773047881067,1.3337076156507686
435,1.8226998734248263,1.7167760789441733,2624.058800567465,1.7697379761844998
436,1.579125600326997,2.059982640964322,2660.7346556768425,1.8195541206456594
437,2.5693594133153863,1.0402576103839019,2649.9314694174404,1.804808511849644
438,2.208219389857523,2.097276719382279,2894.1143067156136,2.152748054619901
439,2.392626121624267,1.088346383148401,2602.2821098129707,1.740486252386334
440,2.297933602470344,1.881668152934898,2851.4878868199894,2.089800877702621
441,1.7773930387633476,1.9817376440282293,2704.255934838503,1.8795653413957885
442,1.0510276532291754,1.009847806649185,2002.303716720071,1.0304377299391803
443,1.2721765963843945,2.478590636830131,2701.2459966631973,1.8753836166072628
444,2.782506743480794,2.2513920470160667,3129.365709142602,2.5169493952484303
445,1.5284908184408552,1.0926514630574495,2258.132272594695,1.3105711407491523
446,2.410137830205082,1.0921301409656792,2610.229933858805,1.7511339855853807
447,2.0349405803402147,1.107627572452832,2472.557682485335,1.5712840763965232
448,1.234492802919426,1.3651400347393343,2248.847918597508,1.2998164188293801
449,2.1075466508412806,2.7126588331183576,3062.223294147405,2.410102741979819
450,2.88899619467052,2.5801953217923472,3261.8624654648575,2.7345957582314337
451,1.1304693805356565,2.0025529518826026,2468.7995233375877,1.5665111662091296
452,1.0196892836052716,1.0629824532649208,2012.8642720740295,1.0413358684350962
453,2.005553717935371,2.4442699551434046,2942.222285383789,2.2249118365393876
454,2.312703889302546,1.5118139539419129,2727.67375664384,1.9122589216222292
455,2.6464076710076103,2.9690742226005042,3305.1988669779535,2.8077409468040573
456,2.1889848325421104,2.1647831344908472,2910.2930316033107,2.176883983516479
457,1.6623530965274056,2.885592742649803,2974.484578517949,2.273972919588604
458,1.502873782788424,2.922045131432878,2933.9772225875968,2.212459457110651
459,2.9164690026108646,1.4009799967670444,2898.1288329759414,2.1587244996889545
460,1.4115101549655438,2.07498290779785,2604.3448032014053,1.743246531381697
461,2.9332161346263796,1.6764993649471098,2994.6160015930427,2.304857749786745
462,1.263037279685541,1.5100431285579834,2322.6582357796506,1.3865402041217623
463,2.769531622658034,2.8997370889694127,3320.9902506289254,2.8346343558137237
464,2.284406675624448,1.2862987372539385,2635.609659274221,1.7853527064391934
465,2.4234559131986444,2.9941724952785824,3246.4497604481035,2.7088142042386134
466,1.4224575643416686,2.1166512095509353,2623.922689612837,1.769554386946302
467,2.9553685849683218,1.174486132684958,2834.4674013116105,2.06492735882664
468,1.6539189188508308,1.570700673600761,2504.6285328158915,1.6123097962257957
469,1.3678807960736665,1.5999057693630476,2402.8154282489345,1.483893282718357
470,2.6716404030551884,1.8752098875697725,2974.126297146748,2.2734251453124803
471,2.1979608911073756,2.30603253282199,2960.0766252494846,2.251996711964683
472,2.3252582082014515,2.8527757233872757,3173.850935262537,2.5890169657943636
473,2.2018143334299065,2.819456150767677,3125.4379976322452,2.510635242098792
474,1.8716964744645221,1.5410488485312703,2576.6534981573027,1.7063726614978962
475,2.746568012153364,2.0913531793464095,3067.8454297700982,2.418960595749887
476,1.9114388239266586,1.2605433004412308,2484.1021183491316,1.5859910621839446
477,1.088929168715086,2.8325468260281745,2762.03298022245,1.9607379973716301
478,2.0622488884271304,2.7093680937017877,3046.750333636264,2.3858084910644592
479,1.8641798134013252,2.125930454160012,2786.098897537997,1.9950551337806686
480,2.6225870066531574,1.9087379725515639,2969.0443484170128,2.2656624896023607
481,2.1460077432596654,2.50025711613089,3006.4643683910354,2.323132429695278
482,1.1145990310505085,1.1357874402248793,2092.341811670393,1.125193235637694
483,2.6195492963212175,1.359265279152344,2782.1524878309847,1.9894072877367808
484,2.561747941772336,1.8111534813791539,2916.680937443678,2.1864507115757448
485,1.5234556080144435,2.64009436227233,2846.0070414547677,2.0817749851433867
486,1.8818126315716033,1.7469655490275193,2656.9555590306754,1.8143890902995614
487,1.9753794635289643,1.084998011097304,2440.0098411511312,1.5301887373131342
488,1.87812964553791,1.8088304291079473,2678.1709622903572,1.8434800373229288
489,2.118216499504505,1.3214683091176391,2586.80328477275,1.719842404311072
490,2.9849519892805496,1.2337248394821336,2864.7861499068486,2.109338414381342
491,2.265531772259421,2.90719555282014,3172.2241889325087,2.586363662539781
492,1.800478025588415,2.8940615713013544,3022.0426055961157,2.3472697984448847
493,2.648740296954739,2.726869923451193,3233.835803755544,2.687805110202966
494,2.631269806579745,1.9049924258447155,2970.6614177049746,2.2681311162122304
495,1.8183823222703752,1.2651710884326217,2449.2313922635894,1.5417767053514986
496,2.43398897890078,2.4479552370556616,3081.7718644265146,2.4409721079782205
497,1.460005110261957,1.3924089126727277,2355.647814695877,1.4262070114673424
498,1.3335258671326518,1.7825608862798732,2462.1179232748386,1.5580433767062625
499,1.2086948184218183,2.038717006070867,2513.464544964343,1.6237059122463426
500,1.0850594774505569,2.113071693985743,2494.320268615244,1.59906558571815
501,1.2430797439101342,2.395339031871667,2660.482592320652,1.8192093878909006
502,2.6637284090354307,2.5074685037373845,3171.7548842722445,2.585598456386408
503,1.9350867268906118,1.46698194116895,2572.6198555239894,1.7010343340297809
504,2.9805545601520107,1.2055277672273297,2853.697680476757,2.09304116368967
505,1.0693265503973735,1.4480504680070694,2212.983679882277,1.2586885092022215
506,2.2916539379327228,1.5207101856121612,2723.336247572265,1.906182061772442
507,2.0817777711193495,1.4536433453350162,2622.5553044145754,1.7677105582271828
508,1.2917264097629513,1.069340796511846,2143.178057397644,1.1805336031373987
509,1.4520496428256588,2.4689887944698614,2761.8788824009553,1.96051921864776
510,1.2117971304026336,2.283003120704147,2607.4456140384073,1.7474001255533902
511,1.1379733877842748,2.8897353586801504,2799.194709377038,2.0138543732322125
512,2.6986566700416814,2.918036190185857,3305.5552272882264,2.8083464301137693
513,2.739232914199314,1.999043292701211,3036.0873774893184,2.3691381034502625
514,2.204067795900288,2.5653124759440034,3046.036163091836,2.3846901359221455
515,1.1982140622524873,2.039349305265564,2509.6503469180875,1.6187816837590256
516,1.2802209209559652,2.50938987757087,2715.1972443148884,1.8948053992634175
517,2.6800501065628355,2.6515730490798104,3220.5778546881884,2.665811577821323
518,2.7958154700514184,2.874923848190969,3321.420954640464,2.8353696591211937
519,2.162283642996638,1.9275435935143193,2820.697807668585,2.0449136182554786
520,1.6900552436102774,1.6988532944409926,2567.6392364331505,1.694454269025635
521,1.5614676522746083,1.073816014001792,2264.21552923326,1.3176418331382003
522,2.8399388287576657,2.0740511459056794,3091.8699091904264,2.4569949873316723
523,2.758452049186527,1.3607802453079838,2830.8197793016247,2.0596161472472554
524,2.3125272263887338,2.9234584181100236,3191.56212946741,2.617992822249379
525,2.914373426932671,1.2135000214252252,2833.7874116609946,2.063936724178948
526,1.9663678910834754,2.3461155843163537,2896.461775842135,2.1562417376999146
527,2.8525834353036505,2.172233591463214,3126.541557217019,2.5124085133834324
528,1.0624965431158122,1.6477437669893322,2296.19083812805,1.3551201550525722
529,1.76254051722082,2.385864503258123,2840.8261378859784,2.0742025102394717
530,1.7693630987531832,1.7823205597850647,2628.5801146767913,1.7758418292691238
531,1.2707867012533383,1.76375765088905,2429.6897652783155,1.5172721760711942
532,2.4795699752734386,1.2467807342672161,2692.439435089206,1.8631753547703274
533,1.69453140291228,1.2193565397104231,2380.8964242613174,1.4569439713113517
534,1.9154935300992153,2.685850539101353,2991.895593860755,2.300672034600284
535,2.093508305682443,2.1098006730850045,2859.56344939412,2.1016544893837237
536,1.461175197895067,2.3912471797813057,2737.606529419856,1.9262111888381863
537,2.2636191667997867,1.0716099897093334,2547.22271514126,1.6676145782545602
538,1.8310757838202847,2.3057521741993297,2836.859384496406,2.068413979009807
539,2.6929920823211475,1.2716754554159655,2777.2019850941056,1.9823337688685565
540,2.6097251473573317,1.5458111298886017,2843.266830351415,2.0777681386229667
541,2.628797698817106,1.274111327801258,2755.486539002064,1.9514545133091818
542,2.3345448393699852,2.2202491041202093,2976.723162622247,2.2773969717450973
543,2.102017185463658,2.732564525097902,3066.7864232774587,2.41729085528078
544,1.500104532152365,1.5132576665183504,2421.1948838380317,1.5066810993353577
545,2.64459156915115,2.980036587716056,3307.8894570392504,2.812314078433603
546,1.9470678369202432,2.8013482810012915,3039.3342548124333,2.3742080589607673
547,2.6815058827631564,1.9227487765448985,2992.8417092704885,2.302127329654027
548,2.9726900070883175,1.976596149392244,3102.95417441309,2.474643078240281
549,1.7935126153092078,1.125169199926222,2382.854121989971,1.4593409076177148
550,1.1573155114372942,1.2387518651164429,2159.0047241755215,1.1980336882768685
551,2.721560519145998,2.1491875374671423,3078.235997079858,2.43537402830657
552,2.980006656627613,2.7688140317704244,3344.209382241516,2.8744103441990188
553,1.768538610162219,2.9018668082904004,3014.2645803984483,2.3352027092263095
554,1.665945338733009,2.575515080210235,2872.5115847023267,2.1207302094716223
555,1.5621703981990294,2.260357418578003,2726.9640136790704,1.9112639083885161
556,2.360341822402453,2.069694948509373,2935.6734497931034,2.215018385455913
557,2.510492284568236,2.7644968350272143,3203.427235829209,2.637494559797725
558,2.170604498284784,1.04172235433935,2499.849962050663,1.606163426312067
559,2.3497468043100485,2.163216406366943,2963.022683047976,2.2564816053384957
560,1.3692425857383097,1.9790657322189278,2552.212318192355,1.6741541589786189
561,1.4047544129766087,1.746744300042764,2476.0684511909935,1.5757493565096863
562,2.0638158432198628,2.3091865691927733,2916.714616656146,2.186501206206318
563,1.402386710271065,1.079257774560637,2197.2216130923857,1.240822242415851
564,2.542421647497081,2.6369552000014256,3174.262475497546,2.5896884237492532
565,1.5313371380458731,1.2360728710437954,2320.282332999966,1.3837050045448342
566,2.6941372004330724,1.452387406858541,2840.182211798917,2.073262303645807
567,2.726095261304982,1.0440660226755458,2708.2206437966643,1.885080641990264
568,1.8476580577984136,2.784929847402359,3002.0361253354026,2.316293952600386
569,2.7570989413762685,2.15894559131016,3092.5162029666,2.4580222663432143
570,2.642366206435163,2.9476845048159683,3297.706144250031,2.7950253556255658
571,1.3430190950236758,2.7306354457440936,2815.115239984594,2.036827270383885
572,1.4868443888624459,1.4557616183039872,2392.6002192252618,1.4713030035832166
573,2.1727645726692817,2.0404536211422615,2862.932146359933,2.1066090969057716
574,1.5988570994325257,1.952863373435044,2628.5937376754214,1.7758602364337848
575,2.984878105531552,2.496451973193346,3265.480219159672,2.740665039362449
576,1.0182608680685559,2.020406025557919,2431.3396171261966,1.5193334468132373
577,2.925446970411408,1.6585143875829074,2986.238934976028,2.2919806789971577
578,1.1903672690366303,1.8750064717234893,2442.0007666281595,1.5326868703800598
579,2.186607991650864,2.1164098478102362,2893.281251911208,2.15150891973055
580,1.1623039487554254,1.3537146452144024,2212.3865153061356,1.258009296984914
581,2.7602409409147346,1.385872013699842,2840.041226547328,2.073056477307288
582,1.1649860941832997,1.3916453472386443,2230.170887996367,1.2783157207109719
583,1.7171000789921809,2.173797158250408,2751.243059428342,1.9454486186212945
584,1.4091304690128306,2.0538496324042628,2595.548076650388,1.7314900507085467
585,2.653585395186999,2.9726374156059414,3308.35833826449,2.8131114053964703
586,1.3445862631522816,1.4743694835861243,2341.791410252379,1.409477873369203
587,1.217933658428015,2.367978017242348,2641.2157216793644,1.7929558378351813
588,1.8057320150754816,1.9800975958112437,2713.842325162541,1.8929148054433627
589,1.4443122275329472,2.6065635071018596,2807.233513926589,2.0254378673174034
590,2.5744741055899016,1.1031433608854724,2674.7756213946773,1.838808733237687
591,1.320979867161932,2.681775892389381,2790.5102695316004,2.0013778797756565
592,2.8409416690396356,1.0950352841585427,2767.135034569674,1.9679884765990892
593,2.6053563731152694,1.7354401007358122,2905.954375188964,2.170398236925541
594,2.879227403923504,2.4802653071325214,3228.9842144677514,2.679746355528013
595,2.0866980875646544,2.681416801656723,3045.632058501694,2.3840574446106886
596,2.5792789960635463,1.1723143763235375,2701.543466770607,1.8757966861935418
597,2.804033240200518,1.947806142370561,3040.4296275342786,2.3759196912855396
598,2.8907614442466736,2.1132145026959286,3120.050951916404,2.501987973471301
599,2.8033535673335157,1.2467597846478344,2806.969338106137,2.025056675990675
600,1.2151112656409264,1.349721138020717,2233.744907989352,1.2824162018308218
601,2.518428699189216,2.9145100713586642,3251.033800791083,2.71646938527394
602,2.04438442565996,1.7249453324833326,2707.9219722741473,1.8846648790716465
603,1.3841387017145823,2.152457333748595,2622.991042339452,1.7682980177315888
604,2.887414498703102,2.5304015637151767,3246.5059846638246,2.7089080312091394
605,2.0763192635673784,2.5952001759708896,3014.6240517699935,2.335759719769134
606,1.231822415612175,1.3020615853557604,2220.2273297281376,1.2669420004839678
607,2.427616379716448,2.032721058204329,2945.6960840009724,2.2301687189603885
608,1.6935272089895586,2.654198007042732,2908.272680194834,2.173862608016145
609,1.5082315240992201,1.161301035022967,2278.8812262897923,1.3347662795610935
610,2.278073921015924,1.8809485049205679,2844.459212309084,2.079511212968246
611,1.058907000488536,2.0337523371235537,2452.8450934311327,1.5463296688060448
612,1.8904740800752777,1.3827107154795075,2523.4188455022245,1.6365923977773926
613,1.064566615028376,2.970472047364064,2801.7406401641006,2.01751933119622
614,2.7090628108737924,1.0570684250897657,2706.7728042184217,1.883065617981779
615,2.2528278757410396,2.8481004582875915,3150.131551163898,2.5504641670143156
616,2.484636808553681,1.6809902643288175,2846.7168577853854,2.0828135364412494
617,2.3596364501856635,1.310779421627648,2672.155434630038,1.8352079359066558
618,1.091802077325304,2.2705552201149812,2557.5610558636918,1.6811786487201426
619,1.473507918342299,2.8288665082747517,2893.0649335060793,2.1511872133085252
620,1.0497400895568365,1.2038175802887985,2093.8155353027123,1.1267788349228174
621,2.199277540599911,1.1693884923660898,2559.9592862583463,1.6843330164830004
622,2.5602872183354224,2.6441282894866904,3181.9258930337955,2.602207753911056
623,1.6415606277840216,1.810172099240131,2591.32962279327,1.7258663635120763
624,2.2012163528616746,2.6633510150246806,3076.2823281843907,2.4322836839431776
625,1.6228866309056784,1.422805322921213,2434.14848812579,1.5228459769134457
626,1.645384492385388,2.035158882769471,2675.8394342133683,1.8402716875774294
627,1.8733096940584608,2.487161041156763,2912.5324156875217,2.1802353676076116
628,2.8614298933233133,2.5382799325145795,3241.076564482396,2.6998549129189464
629,1.226632040259953,2.534269816684512,2704.89293639083,1.8804509284722326
630,1.6016657197748212,1.438039319790062,2431.7549094053725,1.5198525197824417
631,1.92266837428084,1.4976041836238325,2579.4934981483034,1.7101362789523362
632,1.5597643271917976,2.458570807488066,2795.9355550924433,2.009167567339932
633,2.5639084452268133,1.5919980824040132,2843.3934923656834,2.077953263815413
634,2.1479015228142693,1.8978118849957566,2805.4442123318017,2.022856703905013
635,1.2669368938231207,2.3136493949707027,2639.253776877943,1.7902931443969117
636,1.3658745636651501,2.067997741135981,2584.6167237652967,1.7169361524005655
637,2.608135770812239,2.26643590893371,3079.4439948267027,2.4372858398729744
638,1.4851512268888845,2.486992769749513,2779.819336568422,1.9860719983191988
639,2.3283549964052224,1.5193243341233744,2735.920759449399,1.9238396652642984
640,2.604751474962217,2.9382079699709234,3283.7866287319143,2.7714797224665704
641,1.9340273167376556,1.7690050903251613,2684.0020053218113,1.8515162035314083
642,2.80590908884071,2.2831955826268304,3146.478519923593,2.54455233573377
643,2.352860835792685,2.850048283327995,3181.4653644595987,2.6014545595603398
644,1.0802964099021242,1.7409030699682357,2342.7231932101577,1.41059973993518
645,2.966005023114951,2.1075754036444585,3141.6757093955266,2.536790213379705
646,2.8251184627231165,1.4247739527157488,2875.3654344819815,2.1249462077194328
647,1.7197612895926453,2.1019271432322197,2726.6645919857924,1.9108442164124324
648,2.032016852691407,1.566338966943196,2645.794641345858,1.7991779098173013
649,2.755813741592287,2.3933653014230742,3164.9953485407073,2.5745895215076806
650,1.0439667802660333,1.9592691951015824,2417.1233201550704,1.5016179876838078
651,2.1853997041483098,1.9661261799673029,2841.894520086357,2.075762942057806
652,2.6004405543062625,2.9550716557458565,3287.502810644437,2.7777561050260595
653,1.7529271419679189,2.8957615939019314,3007.2484765211316,2.324344367934925
654,1.9142531394621554,2.428969948850069,2906.7665125142585,2.171611544156112
655,1.8134214285704897,2.452605795442909,2880.8184573201393,2.1330136120066996
656,1.5538217946632737,2.716541177598911,2882.2820358297763,2.1351814861310925
657,2.529286085814121,1.3076100534604906,2732.0843358254297,1.9184480696373059
658,2.538640563281625,1.4139999949133772,2772.986408286794,1.976320279097501
659,2.673293829401497,1.9749945217304727,3007.1189687837414,2.324144175565985
660,1.3930879073022144,1.6100509758577128,2417.084248011198,1.5015694415799636
661,2.10513432332879,1.1149602550242592,2502.870579997813,1.6100472891765247
662,1.951044559689235,2.090218423425261,2803.900744909196,2.020631491557248
663,1.016445078681353,2.022728603791384,2431.5423580766337,1.5195868412363684
664,2.5903986581486267,1.3763517496473365,2777.9314020334173,1.9833752038979817
665,1.7690592644705712,2.714820887527117,2953.459892383704,2.241940075998844
666,1.5373257739824215,2.2107561002177123,2700.2788459921453,1.8740409371000668
667,2.4062219660742983,2.5697781942950204,3111.3170750728805,2.4880000801846593
668,1.2784218471751598,1.6236267434011737,2376.054617951962,1.4510242952881667
669,2.3931850569598385,2.9552302533534576,3225.6455352705093,2.674207655156648
670,1.9298635114661276,1.3702073665327077,2533.76138655749,1.6500354389994176
671,2.7764621450617764,2.2179742608736666,3117.0755126608215,2.4972182029677215
672,1.4891702720195688,2.408529181030569,2753.6469235832487,1.9488497265250688
673,1.9797773983563933,1.4033850245979789,2565.461513164313,1.6915812114771862
674,2.2431615766219304,2.43879880835902,3017.991045975083,2.340980192490475
675,2.382030283367706,1.0622669073624735,2588.5370669007625,1.72214859536509
676,2.715233040084608,1.686504963368718,2926.2819886299694,2.200869001726663
677,1.4202147703450176,1.231895199978432,2271.432543133387,1.3260549851617247
678,1.419222682607411,1.3018258168154224,2300.7647815836312,1.3605242497114167
679,1.6932214170398034,2.7588640428286526,2942.969936816697,2.2260427299342282
680,2.208486272720646,1.8945677534413687,2825.2552936320635,2.0515270130810075
681,1.4090856644133982,1.1856843961077057,2246.7436281706687,1.297385030260552
682,1.661605389933969,2.15610090106265,2725.243650005844,1.9088531454983095
683,1.368937534854526,1.7604009585012603,2467.3476768253,1.564669246677893
684,1.539402176926147,2.1603330615754457,2682.806825689238,1.8498676192507963
685,1.037002590374722,2.7816219087458407,2725.5713586121547,1.9093122495602812
686,2.0131334852631424,1.1355365986320545,2474.957003549429,1.5743350419475983
687,1.5441716322525907,1.5416197062993995,2450.1200113758728,1.5428956692759952
688,1.5319193128130584,1.0424269074858814,2237.883924780429,1.28717311014947
689,1.0723191978049897,1.3183053276072214,2156.5511574607362,1.1953122627061057
690,1.5543657236347477,1.547264125273238,2456.3998564589174,1.5508149244539928
691,1.489004012812513,2.3932540482825737,2748.186992890298,1.9411290305475433
692,1.6804026077154053,1.0571907000372394,2307.7488586369886,1.3687966538763223
693,1.8241227793936314,1.6559265492266622,2601.9370160088706,1.740024664310147
694,2.326809816006283,2.7724573999777697,3149.618589002916,2.5496336079920265
695,2.80859482484307,2.191141109064789,3118.728817240536,2.4998679669539294
696,1.5949535614878743,2.3078506394444496,2755.4495348464,1.951402100466162
697,2.759099754993745,1.738931719921863,2958.1168455337006,2.249015737457804
698,2.2158968424727714,2.69244909828514,3090.093793207475,2.4541729703789557
699,1.2351507077321913,1.1656629658716176,2161.142019696356,1.2004068368019043
700,1.1455941156503129,1.4344746560174328,2240.3698562820223,1.2900343858338728
701,2.412572453145133,2.296419338639195,3026.6907277220425,2.354495895892164
702,2.516973259840801,2.698465805668257,3185.293955152492,2.607719532754529
703,2.8888931283251176,2.5786282692505176,3261.3643923907007,2.7337606987878176
704,2.295181286914647,1.6405279631856637,2767.040930459568,1.9678546250501554
705,2.7800695423219803,1.565576578304783,2907.577224627541,2.1728230603133816
706,1.7710350838660227,1.9336218178370537,2684.5906673028794,1.8523284508515383
707,2.246886680056954,2.6376806349029973,3082.599680842749,2.4422836574799756
708,2.160815072265362,1.9405598976940746,2824.6771574674403,2.0506874849797185
709,2.6920348287057387,2.6069853212180893,3210.7157987998135,2.6495100749619143
710,1.0400761922475596,1.4166087199706148,2186.1442195330656,1.2283424561090872
711,1.6881892290909757,1.6426199486657878,2545.5343149844175,1.6654045888783817
712,1.3747800589379249,2.151592445887025,2619.1970498886117,1.763186252412475
713,1.2421823622730845,1.8601692187367176,2456.6856351617007,1.551175790504901
714,2.998664458775922,1.6325921779978336,3001.6047462495094,2.315628318386878
715,2.6136488967348805,2.1145160035780837,3032.846198209219,2.364082450156482
716,2.3806967111888944,1.1243111419008016,2611.25074718296,1.7525039265448479
717,2.4352332999365873,2.883633774047359,3216.722878931331,2.6594335369919735
718,1.4962369104116544,2.7883821117735077,2887.089088604785,2.142309511092581
719,2.7077192949450586,1.7847524767053657,2956.288119219053,2.2462358858252123
720,1.5089886739193878,1.4607458788132468,2403.6038754652145,1.4848672763663173
721,1.1914212573520262,1.23073284570292,2170.7257838863475,1.2110770515274731
722,1.5889844206286474,2.769099318110203,2911.735121457689,2.179041869369425
723,2.2655345870267825,1.085379138253527,2553.2050970805763,1.6754568626401547
724,1.0353583602169794,2.076494089686264,2460.444526571345,1.5559262249516217
725,2.223764771550244,2.9700112873243265,3178.671804485943,2.5968880294372854
726,1.782432840755198,1.9820619899042473,2706.184686286751,1.8822474153297226
727,1.4508089689315542,1.0323489817048583,2197.8915142281335,1.2415789753182063
728,1.0740919810095666,1.1524042830549004,2081.2059792994737,1.1132481320322336
729,1.2314949987695203,2.7322673833403215,2776.884941675464,1.9818811910549208
730,2.9266290568835167,1.6354355371667522,2979.0980322888813,2.2810322970251344
731,2.0630439329856802,2.518716621663302,2985.5219880878444,2.290880277324491
732,1.2838565162167377,2.815069262469872,2823.833634524271,2.049462889343305
733,1.8739529828693597,1.565664347684237,2586.777911322106,1.7198086652767983
734,2.580052351852948,1.2155612168026797,2717.346839163692,1.897806784327814
735,1.9869030544317026,2.0037123186112122,2786.2752371874485,1.9953076865214574
736,2.078689112811646,1.5401039181990468,2653.297526910068,1.8093965155053464
737,1.3604089770324994,2.6006896488940807,2775.9517137375683,1.98054931296329
738,2.0707824727522857,2.1471658011912593,2864.5387685643846,2.1089741369717725
739,1.1161194664971743,1.9684444817864042,2449.632688639859,1.5422819741417892
740,2.7460002879329997,1.5953629952655546,2906.144094788517,2.170681641599277
741,2.271092229067142,1.1879963769167727,2594.089303802611,1.7295443029919575
742,2.717421049116174,2.089711896070876,3058.0680552185977,2.403566472593525
743,2.9972188246969003,2.965403791405582,3405.8282314091257,2.9813113080512412
744,1.8639658577148026,2.648682782099481,2962.919414219816,2.256324319907142
745,2.698593463959277,2.4271579084761346,3157.787112028783,2.562875686217706
746,2.6339680916002983,1.3531267489755132,2785.0459359528572,1.9935474202879058
747,2.5039046628661,1.4977565746281205,2790.128721912354,2.00083061874711
748,1.024843515449645,1.8801819268058753,2377.2729554501757,1.4525127211277602
749,2.5656700293009638,2.3492252769946322,3092.154712245719,2.4574476531477982
750,2.7539076058792604,1.7218758376019614,2950.792101531235,2.2378917217406107
751,2.250593363968111,1.7516414934961908,2790.328690888732,2.001117428732151
752,1.5016593819117852,2.3650866915648026,2742.6911564114534,1.9333730367382937
753,1.1524614812736795,2.3520423281004073,2611.0629827175694,1.7522519046870433
754,1.8803326655695038,1.8769263465162993,2703.5826266689623,1.8786295060429015
755,1.7180423604708983,2.593133276389146,2896.0225403520276,2.155587818430022
756,1.1826962725482657,1.635644607775545,2341.5360023030016,1.4091704401619054
757,1.6286561817896141,2.3257709667177386,2773.613031285311,1.9772135742536765
758,1.7087744031757974,2.9427842697677096,3008.1766180610753,2.3257793364717534
759,2.171545999624522,1.7972467343933742,2778.646434678646,1.984396367008948
760,2.3782398660549244,2.2837714728836938,3011.5546062869594,2.331005669469309
761,1.1020009892623421,1.198005113795158,2115.2834612180754,1.15000305152875
762,1.4970537229809093,1.9039202639153776,2572.2059272131733,1.7004869934481435
763,2.1136685336876546,2.9568041566263297,3140.7133716719186,2.535236345156992
764,1.693708280697583,2.8498467516256083,2973.048376159626,2.2717775161615954
765,1.9958414912897682,2.4305878373717773,2934.4779259391967,2.213214664330773
766,1.6758797126136116,2.5204868487196546,2857.200966966096,2.098183280666633
767,2.3647148115737027,1.7774532176328117,2838.6897900078793,2.071084014603257
768,2.234971986402852,2.459699866055839,3022.0851741101224,2.347335926229346
769,2.8677255646915314,1.6439254920214565,2962.5918990568944,2.255825528356494
770,1.290680474232101,1.5266647193719183,2341.122347185672,1.4086725968020097
771,1.1830990798825394,2.193167253026151,2562.845517231574,1.688133166454345
772,2.2625969669588146,2.349948432103215,2995.5350563671686,2.3062726995310148
773,1.4130324180699065,1.773671772758206,2489.860155282096,1.5933520954140563
774,2.367885335518749,1.2723045600575438,2661.1300521621097,1.8200949477881463
775,2.1785671614681315,2.0694959253587477,2874.7465300609174,2.1240315434134396
776,1.7127134346572173,2.5480042798765528,2879.025161784639,2.1303588572668852
777,2.519251803572569,2.890410938610132,3244.0622168433247,2.7048313710913505
778,2.9490706943061964,2.743798250904225,3327.8954400110156,2.8464344726052104
779,2.0059647948325385,1.1099393813990974,2462.0457922384044,1.557952088115818
780,1.5607333350410573,2.832647965605716,2923.502894731668,2.1966906503233865
781,2.2759722951579704,1.2982290864934367,2636.899566143606,1.7871006908257034
782,1.13539858044054,1.6287133495770327,2318.8993149596313,1.3820559650087865
783,2.446203056341055,2.6098543667066227,3136.245696791294,2.528028711523839
784,1.466339284831754,2.088433778491227,2629.7230913026606,1.7773865316614903
785,2.427123443241947,2.2366376788920324,3012.1197135869716,2.3318805610669897
786,1.8667553520542957,2.923585639324095,3052.72226381669,2.3951704956891953
787,1.8628042618074332,1.5765865661119178,2586.6927388158538,1.7196954139596756
788,2.7982869477965635,1.408513347002936,2860.750795779486,2.10340014739975
789,1.7930954503976968,2.3904029024090043,2852.8167827838924,2.0917491764033507
790,2.84705743332288,2.799602855512239,3314.3617628840866,2.8233301444175596
791,1.1639602563979594,2.480041740575417,2662.5230898023183,1.822000998486688
792,2.702389170381025,1.2049402381739307,2757.046510805222,1.953664704277478
793,2.523739676528421,1.081140193177887,2648.1920529289982,1.802439934853154
794,2.952713091137339,2.4048804404905817,3228.4120554884535,2.6787967658139604
795,2.328427928587409,1.1289879210930733,2593.4619992643075,1.7287079248402413
796,2.161605121509722,2.7649392643083983,3095.816991442851,2.46327219290906
797,2.9137380070061702,2.2336220698689186,3164.436276129666,2.5736800384375442
798,1.8987081961845818,2.8140241159350836,3027.892593361343,2.3563661560598326
799,2.9881587789505595,2.132679024156052,3156.2732143594235,2.5604189015533056
800,1.2370724451105621,2.6869642499316786,2762.93462853683,1.9620183475211204
801,2.728029927315311,1.165429832847309,2752.148886870934,1.94672988008131
802,2.999624067104837,2.572992738290915,3292.559787176216,2.786308402697876
803,1.128786380499202,1.0738979392831018,2070.047016885718,1.101342159891152
804,1.905904160120413,1.1021303779157168,2419.0535861118215,1.5040172690180649
805,1.8102893174246806,2.077484651271091,2750.138610315456,1.9438869843478859
806,2.6358880274159855,2.237359333703947,3079.0256563209196,2.436623680559966
807,2.9888468238725876,2.603578824853555,3298.4065863965534,2.7962128243630713
808,1.958944340954418,1.3872187783768997,2551.394609807698,1.673081559665659
809,1.6492225976480885,2.6582854029270555,2894.7904150316654,2.153754000287572
810,1.6009344282908695,1.2736495768401415,2364.7845642950037,1.4372920025655054
811,1.8058062426140402,2.002596235684264,2721.920892684063,1.904201239149152
812,2.9335465234718288,1.6563224980027456,2988.162600226263,2.294934510737287
813,1.3031895572720835,2.234023834122869,2623.2199698732925,1.7686066956974762
814,2.854592398804237,2.377475702568839,3190.3679491646308,2.616034050686538
815,2.211642457789618,1.0860123676600961,2532.833706251432,1.6488274127248572
816,1.8187187506793117,2.677998868222624,2957.684787256625,2.248358809450968
817,2.9737647546143244,2.1317043463756042,3151.533338294437,2.5527345504949643
818,2.6715886183397073,2.1234492648433543,3054.2184822781132,2.397518941591531
819,1.483365304535558,1.8396531072711917,2542.5555685059917,1.661509205903375
820,2.5382479713282597,2.1571308899469392,3022.3127257358806,2.3476894306375993
821,2.6713767769172834,2.931627668383712,3301.524793847192,2.8015022226504978
822,1.7678546872340064,1.031499019372023,2333.635204208659,1.3996768533030148
823,1.933294700172855,1.4762457762681254,2575.4433699616957,1.7047702382204903
824,1.3878535239970147,1.3739197437316915,2317.91811917189,1.380886633864353
825,1.8370345059056803,1.2932955630430858,2467.738553038376,1.565165034474383
826,2.7330541868148392,1.8446456972086054,2984.1987075941397,2.2888499420117223
827,2.765775641638394,1.8418311144465176,2993.930970233183,2.303803378042456
828,1.3188149470741353,1.3756190778667392,2289.4852852149297,1.3472170124704372
829,2.4698581318278183,1.945229835043152,2930.7161668814333,2.2075439834354853
830,2.6465125541862244,2.350793745959482,3117.9709482537073,2.4986531500728533
831,1.6291577773925627,1.791893214824151,2579.787020371353,1.710525496108357
832,2.0518947350735077,1.8473723546052252,2754.2006199210396,1.9496335448393665
833,2.0054501119988086,2.7555127495070284,3043.3470234528863,2.3804814307529183
834,1.971574491445241,2.281416500179679,2876.413451067691,2.1264954958124602
835,1.121733770911319,2.1206743244920827,2511.5273801187823,1.621204047701701
836,1.7786440190200492,1.6865302302631946,2596.3702174511864,1.732587124641622
837,1.0252542530105255,1.0005870427851697,1985.2115326227397,1.0129206478978476
838,2.1869165191600564,1.930141826654949,2830.0726899588517,2.0585291729075026
839,2.0901486072427096,1.0529167229884548,2472.7532631724002,1.571532665115582
840,1.372852443072725,1.1531054548718114,2216.7521245197736,1.2629789489722683
841,1.9972306209213022,2.518331556191999,2963.8757465188837,2.2577810885566505
842,2.59808674382838,2.525529125082099,3157.1292408665895,2.5618079344552394
843,2.879404709814442,1.733142381952748,2995.5356060156532,2.3062735458835952
844,1.752788501606297,1.0374060646806427,2329.814392953607,1.3950972831434698
845,2.9521090723565573,2.6920912926413996,3313.6397462195328,2.8221001824989784
846,1.482939281392051,2.8995316599329986,2919.8705791953435,2.1912354706625248
847,2.4098868932548214,1.2054422533955225,2652.0273636119596,1.807664573325172
848,1.0657681949174944,2.4775665552930164,2625.4888080415317,1.7716673751052554
849,2.09691094167669,2.6753631899959887,3046.960126424427,2.386137065836339
850,1.0853220352630581,1.5732991938633374,2274.2191580707686,1.3293106145631977
851,2.810872431297194,2.564496048263643,3233.7630902442343,2.6876842397804186
852,2.908767955827477,1.4850866069144477,2923.660352706747,2.196927281370962
853,2.277331404080158,1.7535718132004123,2800.3045430388424,2.0154516086402854
854,1.1788574278433714,1.0104826495761443,2063.7671399647456,1.0946700387097579
855,2.245677606673122,1.5488912417406813,2716.972846584122,1.8972844242069016
856,2.558012700204726,2.2130574711485007,3046.575755117955,2.3855350856766133
857,2.2674156537946324,2.087179438361087,2910.569465967956,2.1772975460778596
858,1.229882680022055,1.2090866898074142,2178.247642519229,1.2194846849147347
859,2.4701904930028857,1.7033061748802563,2849.404560955021,2.086748333941571
860,1.7712042900128149,1.8879204669211982,2668.042160459705,1.8295623784670065
861,1.781487389063371,1.0501005607521825,2347.032520955873,1.4157939749077766
862,1.9460251253600003,1.2919178833121805,2509.7974851385593,1.6189715043360904
863,2.6110693638133764,1.1756440765675078,2714.1590898034774,1.8933567201904422
864,2.7709463465664124,2.4144204892590686,3176.097474331569,2.5926834179127405
865,1.3658908044904663,2.6842893422178395,2806.992484369118,2.025090073354153
866,2.175170150303125,2.4174386696919887,2989.0543187100234,2.296304409997557
867,1.6321795175448084,2.135657949929925,2707.3858813785446,1.8839187337373668
868,1.7685513176068424,1.063588113736122,2347.2610644598694,1.4160697156714823
869,2.816102659344078,1.198000187315468,2794.462765788661,2.0070514233297727
870,1.0898993755278121,2.1186927861328853,2498.3963611787576,1.6042960808303488
871,2.740152067116493,1.112627393560432,2737.7334015546594,1.9263897303384625
872,1.5837405907257203,1.7706212844487277,2554.5184060681927,1.677180937587224
873,1.1245570650922412,2.140989101526372,2520.4726752828333,1.6327730833093066
874,2.83678506904469,1.550964829864514,2921.6286323801287,2.193874949454602
875,2.6081167269105414,1.455723470218897,2811.7220743445214,2.0319200985647194
876,2.077193395511099,1.8921125033400845,2778.826068340647,1.9846529494255916
877,2.2872694074022855,1.8121028023804717,2823.987408084607,2.0496861048913786
878,1.4527524827959164,2.5147746740728643,2778.2033689835903,1.9837635784343903
879,2.663648656678606,2.3075652194973584,3109.8203678832097,2.485606938087982
880,2.8011777334243257,2.2921710330725307,3147.7902605648546,2.546674383248428
881,1.9793728909431438,1.5346516130302634,2614.607317916863,1.7570122519867035
882,1.2828730923086697,2.305320590454338,2642.0559981486676,1.7940968413815037
883,2.5029842307210535,2.995918974508152,3270.7105898869786,2.7494516026146028
884,2.5980702168541554,1.822115683467553,2932.407671756091,2.2100929501608544
885,2.7639397472209284,2.9814468895073363,3343.2104031495546,2.8726933183641323
886,2.2972963957051373,1.1321227278157926,2582.940263520058,1.7147095617604649
887,2.3094395793260913,1.7290475806452008,2802.9376215525667,2.019243579985646
888,1.431413852730199,2.004390121053077,2585.3435885960926,1.7179019868916379
889,2.139386205148078,2.202833301731404,2906.430662227703,2.171109753439741
890,2.735360821482038,1.2762859713863082,2793.607730267676,2.005823396434173
891,2.1698870634583676,2.61909158984483,3052.288146964836,2.3944893266515987
892,2.712065118520022,2.6676198420958213,3235.0612036749394,2.689842480307922
893,1.7554135299111402,2.8208051931651745,2983.715884747048,2.288109361538157
894,1.7413816924724546,1.0085145705293534,2312.9286461579545,1.374948131500904
895,2.317017693216171,2.895539073245911,3184.41366123798,2.606278383231041
896,2.612561974171304,2.44233823399441,3135.8867691150194,2.527450104082857
897,2.612102567489436,1.8578521727333437,2948.8701034098312,2.2349773701113897
898,2.75062753568887,2.0316314597691196,3050.1459854205114,2.3911294977289947
899,2.3718569505919995,1.5910815828121527,2776.5963456736863,1.9814692667020761
900,2.3739148517939084,2.9138404583915545,3207.301257973903,2.6438776550927314
901,2.208396984610627,2.502299181902118,3027.2384191092524,2.3553480832563727
902,1.2145774881007978,1.9826369402251205,2493.962745003929,1.5986072141629593
903,1.4444986272097482,2.284586857620573,2693.427246883631,1.8645427424151606
904,2.144255622285651,2.5990537381435574,3037.699465658462,2.371654680214604
905,1.864213152308423,2.4617843828270676,2900.996557250393,2.1629987675677453
906,2.2866522036416574,2.000231133711159,2887.8518654246564,2.143441668676408
907,1.5901926173327054,1.0981619519116566,2286.900942015843,1.3441772846221811
908,2.148104652090771,1.7088621517175286,2739.2207324718192,1.92848340190415
909,2.0930547133901785,2.8556270129728096,3102.76469494449,2.474340863181494
910,1.9587260254720276,1.9063242281226769,2742.089666144182,1.9325251267973522
911,2.3703074477999904,2.2196978726773873,2988.2069675662815,2.295002660238689
912,1.5522672132834037,1.6030703387313845,2477.5760410988833,1.577668776007394
913,1.213796883679355,2.942040012069841,2843.369671850579,2.0779184478745982
914,2.816379971919641,2.7704490707756486,3296.755737186739,2.793414521347645
915,1.887006027748351,2.7906355900294013,3016.5987864520494,2.338820808888876
916,2.7882798501369965,2.5046556766741324,3208.871910090203,2.6464677634055644
917,2.4251173513623634,1.7432623393856614,2847.6572479703545,2.0841898453740124
918,1.7690708941417073,1.286281271777534,2438.005702678368,1.5276760829596205
919,2.7120532287486316,2.1921873175978743,3088.8012286917397,2.4521202731732528
920,1.4342131408879346,1.8601464888439012,2531.5679174929164,1.6471798148659178
921,1.8556166335907016,2.819610256282844,3015.8200600993027,2.337613444936773
922,2.9527269195483954,2.797549835364257,3344.6328676197654,2.8751383774563264
923,1.862843654001051,2.353114338538199,2863.8628580768636,2.107978996269625
924,2.0464003106855966,2.5499155506367535,2990.2604210843256,2.298157930661175
925,1.1664241589911604,2.1944660989158917,2557.0030466753324,1.680445128953526
926,2.682023648378756,1.6734851927407026,2910.8748204585327,2.1777544205597295
927,2.173791949522801,2.636726282323578,3059.1446444400544,2.4052591159231893
928,1.8264724406801007,2.068624954177263,2752.7276190209673,1.947548697428682
929,1.4556967593632484,1.7681291545915898,2504.320280619632,1.611912956977419
930,2.8856284038615145,2.2514466032674547,3161.2732254053108,2.5685375035644844
931,1.985100072909209,1.593988258232755,2638.701646074646,1.789544165570982
932,2.328264244317227,2.4173869596974105,3038.4492522140645,2.3728256020073184
933,1.3028395987007593,1.9481581410639897,2514.851893507383,1.6254988698823745
934,2.121208133865233,1.5643294460507218,2677.654269468308,1.8427687899579772
935,1.6692209824692272,2.152608142931759,2726.7147815736917,1.9109145627004933
936,2.0790370081042138,1.9463755210790084,2798.3966780362584,2.012706264591611
937,2.412878777056305,1.1494529383189265,2632.5174478355034,1.7811658576876157
938,2.833755419142542,1.6072797826685317,2939.3153818915257,2.220517600905537
939,1.6425291398819615,2.0793216554334464,2690.813258785437,1.860925397657704
940,2.0108557327486527,1.7380408209310838,2700.5722950564796,1.8744482768398683
941,1.9233598908627845,1.0687549823925422,2412.643817530691,1.4960574366276633
942,1.1015529144496958,1.039353866650865,2040.8118082203155,1.0704533905502804
943,1.477886017082651,2.5680903241546273,2805.5353746315923,2.022988170618639
944,2.169129911104408,1.169186372616206,2548.4013120787067,1.669158141860307
945,1.3320829028479069,1.6319978926962735,2401.3148044293416,1.4820403977720902
946,1.047482211230248,1.26888550961613,2122.793903657756,1.1581838604231889
947,1.2018419943668697,1.7654399069072817,2402.6111233968145,1.4836409506370756
948,1.1653551923981085,2.9938452442920127,2844.520084655791,2.0796002183450604
949,1.0223927287334533,1.022311473236885,1994.4324163425174,1.0223521009851693
950,2.0881490499773,1.2825291205198823,2560.723716622335,1.6853390852485912
951,2.3488322553833187,2.8172517353836506,3170.1864905185735,2.5830419953834847
952,1.0193556934719707,2.916417034267666,2767.0632446737022,1.9678863638698183
953,1.8341318639595507,2.740708807158371,2983.2666027789705,2.287420335558961
954,2.1190612827750965,2.756144382310584,3079.6442440998717,2.43760283254284
955,1.1485862087582739,2.2384652919399537,2566.9356389015825,1.6935257503491137
956,2.1418221907270847,2.445903482420288,2987.464822015291,2.2938628365736866
957,1.5835734757305473,1.0295211818901184,2254.6630657738187,1.3065473288103329
958,1.669479981721676,1.1342112639437394,2335.442463472296,1.4018456228327079
959,1.3183046972870913,1.77279592831612,2452.226893923226,1.5455503128016057
960,2.223456531817873,1.4928582912925588,2688.811323240351,1.858157411555216
961,2.114254717878185,2.4407297121675553,2976.785406910442,2.2774922150228702
962,2.97705665229013,2.146441033644859,3157.092828976151,2.5617488429674946
963,2.074176686521273,2.4021568884077635,2950.9734411416894,2.238166787464518
964,1.3660342183108534,1.1825684172232631,2226.6663373193956,1.2743013177670584
965,2.786154747252744,2.1012590329209164,3083.4977373374677,2.44370689008683
966,2.4981581553153847,2.0493042296446538,2974.3264779839456,2.273731192480019
967,2.83567860808993,1.87606608991682,3027.575309676989,2.3558723490033753
968,1.6471271335482034,1.8407460507805107,2604.860214638012,1.743936592164357
969,2.902016154117772,2.3422898219463266,3194.096925773575,2.6221529880320493
970,1.3899603417112674,2.11736175057917,2612.1126656032916,1.753661046145219
971,1.5050241592927758,1.768584425557781,2523.5821976118586,1.6368042924252784
972,1.4244470519180696,1.0656536703968722,2200.961960811818,1.245050361157471
973,2.26430862561698,1.459714771850334,2691.5985151132068,1.862011698733657
974,1.4399639984579424,1.8426638377123241,2527.0562180576376,1.6413139180851333
975,1.8579442398720796,2.9745785809382377,3066.1333318718944,2.4162614104051587
976,2.4735562507396462,2.3242763608361368,3055.108409317991,2.3989163057878917
977,2.4769632113934077,2.384957251922958,3075.445282145309,2.430960231658183
978,1.5411174130459595,2.5542290278484012,2822.600425811765,2.04767322044718
979,2.207401013894433,2.2422998001955876,2942.181667937306,2.22485040704501
980,1.5374176227638154,2.5057679003008473,2804.5676119576738,2.0215927615323315
981,2.5430999511292556,2.3221487481817604,3076.4977527306687,2.432624349655508
982,1.9694693411501654,1.1885796477282187,2478.640324767482,1.579024494439192
983,1.5691955840821148,2.5731200947668498,2838.740382812733,2.0711578394244823
984,2.9964052476781307,1.336309149447235,2903.2478340397083,2.166357198562683
985,1.4023622185700424,1.8540931227548323,2516.9619079277463,1.6282276706624375
986,2.343839303024582,2.0464725332645126,2922.4814541563583,2.1951559181445472
987,1.9430037027388711,1.6722870052775303,2652.0132652303378,1.8076453540082007
988,1.5042378132918592,1.6706576871427328,2485.24264537047,1.587447750217296
989,1.079767397868261,1.9365253239366689,2422.3719151592263,1.5081463609024648
990,1.4024347595536157,2.3918891409197043,2716.885151819551,1.8971619502366601
991,2.3946458929739864,2.3376184170608596,3034.1606812838772,2.3661321550174232
992,1.9962857181214841,1.8116804484802755,2721.76496904601,1.9039830833008797
993,1.6324239445378828,1.594643077779046,2505.57883715661,1.6135335111584643
994,2.549103957654272,2.437393032567087,3114.596994645909,2.4932484951106795
995,1.2484304193868183,2.1143273550908326,2557.7133618037396,1.6813788872388256
996,1.2733531886829044,2.6547763206759436,2764.3751389320687,1.9640647546794239
997,1.9127404729814586,1.2967510088875567,2498.746468142294,1.6047457409345076
998,1.353180232141102,2.4751004463303365,2729.01526739086,1.9141403392357192
999,1.5743790780870754,1.0569397355811014,2262.5116026044025,1.3156594068340883
